institution,name
院士,孙家广
软件系统与工程研究所,罗贵明
软件系统与工程研究所,顾明
软件系统与工程研究所,向东
软件系统与工程研究所,覃征
软件系统与工程研究所,罗平
软件系统与工程研究所,赵曦滨
软件系统与工程研究所,邓仰东
软件系统与工程研究所,贺飞
软件系统与工程研究所,张荷花
软件系统与工程研究所,万海
软件系统与工程研究所,周旻
软件系统与工程研究所,高跃
软件系统与工程研究所,姜宇
信息系统与工程研究所,刘强
信息系统与工程研究所,叶晓俊
信息系统与工程研究所,王建民
信息系统与工程研究所,张力
信息系统与工程研究所,李春平
信息系统与工程研究所,刘璘
信息系统与工程研究所,王朝坤
信息系统与工程研究所,丁贵广
信息系统与工程研究所,闻立杰
信息系统与工程研究所,宋韶旭
信息系统与工程研究所,刘英博
信息系统与工程研究所,金涛
信息系统与工程研究所,龙明盛
信息系统与工程研究所,黄向东
信息系统与工程研究所,沈恩亚
计算机辅助设计图形学与可视化研究所,雍俊海
计算机辅助设计图形学与可视化研究所,张慧
计算机辅助设计图形学与可视化研究所,王斌
计算机辅助设计图形学与可视化研究所,陈莉
计算机辅助设计图形学与可视化研究所,刘玉身
计算机辅助设计图形学与可视化研究所,刘世霞
计算机辅助设计图形学与可视化研究所,徐枫
可信网络与系统研究所,杨铮
可信网络与系统研究所,何源
可信网络与系统研究所,王继良
可信网络与系统研究所,李振华
可信网络与系统研究所,马强
可信网络与系统研究所,苗欣
可信网络与系统研究所,丁旋
